{
  "valid_pr_auc": 0.6919369133016219,
  "valid_roc_auc": 0.9339546331485232,
  "test_pr_auc": 0.5724139204655638,
  "test_roc_auc": 0.8962305651162458
}