{
  "valid_pr_auc": 0.6272877651558143,
  "valid_roc_auc": 0.886370411844622,
  "test_pr_auc": 0.5280539561538188,
  "test_roc_auc": 0.847639511697724
}